{
  "usuarios": [
    {
      "nome": "Wagner",
      "cpf": "36475839281",
      "idade": "45",
      "id": 2
    },
    {
      "nome": "Victor",
      "cpf": "08551504401",
      "idade": "21",
      "telefone": "8396281509",
      "id": 3
    },
    {
      "nome": "Teste",
      "cpf": "11111111111",
      "idade": "22",
      "telefone": "08399994321",
      "id": 4
    },
    {
      "nome": "Teste2",
      "cpf": "22222222222",
      "idade": "27",
      "telefone": "99920876",
      "id": 5
    }
  ],
  "mensagens": []
}